id,age,sex,cp,trestbps,chol,fbs,restecg,thalach,exang,oldpeak,slope,ca,thal,num
0,53.0,1.0,3.0,130.0,246.0,1.0,2.0,173.0,0.0,0.0,1.0,3.0,3.0,0
1,54.0,1.0,4.0,110.0,206.0,0.0,2.0,108.0,1.0,0.0,2.0,1.0,3.0,3
2,56.0,1.0,4.0,125.0,249.0,1.0,2.0,144.0,1.0,1.2,2.0,1.0,3.0,1
3,58.0,1.0,4.0,100.0,234.0,0.0,0.0,156.0,0.0,0.1,1.0,1.0,7.0,2
4,51.0,0.0,4.0,130.0,305.0,0.0,0.0,142.0,1.0,1.2,2.0,0.0,7.0,2
5,53.0,1.0,4.0,140.0,203.0,1.0,2.0,155.0,1.0,3.1,3.0,0.0,7.0,1
6,65.0,1.0,4.0,135.0,254.0,0.0,2.0,127.0,0.0,2.8,2.0,1.0,7.0,2
7,53.0,1.0,4.0,123.0,282.0,0.0,0.0,95.0,1.0,2.0,2.0,2.0,7.0,3
8,40.0,1.0,4.0,152.0,223.0,0.0,0.0,181.0,0.0,0.0,1.0,0.0,7.0,1
9,59.0,1.0,4.0,135.0,234.0,0.0,0.0,161.0,0.0,0.5,2.0,0.0,7.0,0
10,56.0,1.0,2.0,120.0,236.0,0.0,0.0,178.0,0.0,0.8,1.0,0.0,3.0,0
11,34.0,1.0,1.0,118.0,182.0,0.0,2.0,174.0,0.0,0.0,1.0,0.0,3.0,0
12,58.0,1.0,3.0,112.0,230.0,0.0,2.0,165.0,0.0,2.5,2.0,1.0,7.0,4
13,57.0,1.0,4.0,152.0,274.0,0.0,0.0,88.0,1.0,1.2,2.0,1.0,7.0,1
14,63.0,1.0,4.0,130.0,330.0,1.0,2.0,132.0,1.0,1.8,1.0,3.0,7.0,3
15,51.0,1.0,3.0,110.0,175.0,0.0,0.0,123.0,0.0,0.6,1.0,0.0,3.0,0
16,45.0,0.0,2.0,130.0,234.0,0.0,2.0,175.0,0.0,0.6,2.0,0.0,3.0,0
17,43.0,1.0,4.0,132.0,247.0,1.0,2.0,143.0,1.0,0.1,2.0,,7.0,1
18,58.0,1.0,4.0,114.0,318.0,0.0,1.0,140.0,0.0,4.4,3.0,3.0,6.0,4
19,58.0,0.0,4.0,130.0,197.0,0.0,0.0,131.0,0.0,0.6,2.0,0.0,3.0,0
20,67.0,0.0,3.0,115.0,564.0,0.0,2.0,160.0,0.0,1.6,2.0,0.0,7.0,0
21,42.0,1.0,3.0,130.0,180.0,0.0,0.0,150.0,0.0,0.0,1.0,0.0,3.0,0
22,46.0,1.0,4.0,140.0,311.0,0.0,0.0,120.0,1.0,1.8,2.0,2.0,7.0,2
23,50.0,0.0,3.0,120.0,219.0,0.0,0.0,158.0,0.0,1.6,2.0,0.0,3.0,0
24,57.0,1.0,4.0,165.0,289.0,1.0,2.0,124.0,0.0,1.0,2.0,3.0,7.0,4
25,35.0,1.0,2.0,122.0,192.0,0.0,0.0,174.0,0.0,0.0,1.0,0.0,3.0,0
26,43.0,1.0,4.0,115.0,303.0,0.0,0.0,181.0,0.0,1.2,2.0,0.0,3.0,0
27,65.0,1.0,4.0,110.0,248.0,0.0,2.0,158.0,0.0,0.6,1.0,2.0,6.0,1
28,55.0,0.0,4.0,180.0,327.0,0.0,1.0,117.0,1.0,3.4,2.0,0.0,3.0,2
29,39.0,1.0,4.0,118.0,219.0,0.0,0.0,140.0,0.0,1.2,2.0,0.0,7.0,3
30,51.0,1.0,3.0,125.0,245.0,1.0,2.0,166.0,0.0,2.4,2.0,0.0,3.0,0
31,61.0,1.0,4.0,148.0,203.0,0.0,0.0,161.0,0.0,0.0,1.0,1.0,7.0,2
32,50.0,0.0,2.0,120.0,244.0,0.0,0.0,162.0,0.0,1.1,1.0,0.0,3.0,0
33,71.0,0.0,2.0,160.0,302.0,0.0,0.0,162.0,0.0,0.4,1.0,2.0,3.0,0
34,54.0,1.0,4.0,140.0,239.0,0.0,0.0,160.0,0.0,1.2,1.0,0.0,3.0,0
35,35.0,1.0,4.0,126.0,282.0,0.0,2.0,156.0,1.0,0.0,1.0,0.0,7.0,1
36,60.0,1.0,4.0,125.0,258.0,0.0,2.0,141.0,1.0,2.8,2.0,1.0,7.0,1
37,66.0,1.0,4.0,120.0,302.0,0.0,2.0,151.0,0.0,0.4,2.0,0.0,3.0,0
38,60.0,1.0,4.0,130.0,206.0,0.0,2.0,132.0,1.0,2.4,2.0,2.0,7.0,4
39,41.0,1.0,4.0,110.0,172.0,0.0,2.0,158.0,0.0,0.0,1.0,0.0,7.0,1
40,62.0,1.0,3.0,130.0,231.0,0.0,0.0,146.0,0.0,1.8,2.0,3.0,7.0,0
41,51.0,0.0,3.0,140.0,308.0,0.0,2.0,142.0,0.0,1.5,1.0,1.0,3.0,0
42,62.0,1.0,2.0,120.0,281.0,0.0,2.0,103.0,0.0,1.4,2.0,1.0,7.0,3
43,58.0,1.0,3.0,140.0,211.0,1.0,2.0,165.0,0.0,0.0,1.0,0.0,3.0,0
44,57.0,0.0,4.0,120.0,354.0,0.0,0.0,163.0,1.0,0.6,1.0,0.0,3.0,0
45,58.0,1.0,4.0,146.0,218.0,0.0,0.0,105.0,0.0,2.0,2.0,1.0,7.0,1
46,47.0,1.0,3.0,130.0,253.0,0.0,0.0,179.0,0.0,0.0,1.0,0.0,3.0,0
47,48.0,1.0,2.0,130.0,245.0,0.0,2.0,180.0,0.0,0.2,2.0,0.0,3.0,0
48,44.0,1.0,4.0,120.0,169.0,0.0,0.0,144.0,1.0,2.8,3.0,0.0,6.0,2
49,49.0,1.0,3.0,118.0,149.0,0.0,2.0,126.0,0.0,0.8,1.0,3.0,3.0,1
50,59.0,1.0,4.0,138.0,271.0,0.0,2.0,182.0,0.0,0.0,1.0,0.0,3.0,0
51,42.0,0.0,3.0,120.0,209.0,0.0,0.0,173.0,0.0,0.0,2.0,0.0,3.0,0
52,54.0,0.0,3.0,135.0,304.0,1.0,0.0,170.0,0.0,0.0,1.0,0.0,3.0,0
53,39.0,1.0,3.0,140.0,321.0,0.0,2.0,182.0,0.0,0.0,1.0,0.0,3.0,0
54,56.0,1.0,4.0,130.0,283.0,1.0,2.0,103.0,1.0,1.6,3.0,0.0,7.0,2
55,43.0,1.0,4.0,110.0,211.0,0.0,0.0,161.0,0.0,0.0,1.0,0.0,7.0,0
56,62.0,1.0,2.0,128.0,208.0,1.0,2.0,140.0,0.0,0.0,1.0,0.0,3.0,0
57,49.0,1.0,3.0,120.0,188.0,0.0,0.0,139.0,0.0,2.0,2.0,3.0,7.0,3
58,57.0,1.0,4.0,130.0,131.0,0.0,0.0,115.0,1.0,1.2,2.0,1.0,7.0,3
59,62.0,0.0,4.0,138.0,294.0,1.0,0.0,106.0,0.0,1.9,2.0,3.0,3.0,2
60,60.0,0.0,4.0,158.0,305.0,0.0,2.0,161.0,0.0,0.0,1.0,0.0,3.0,1
61,29.0,1.0,2.0,130.0,204.0,0.0,2.0,202.0,0.0,0.0,1.0,0.0,3.0,0
62,57.0,1.0,3.0,150.0,126.0,1.0,0.0,173.0,0.0,0.2,1.0,1.0,7.0,0
63,69.0,1.0,1.0,160.0,234.0,1.0,2.0,131.0,0.0,0.1,2.0,1.0,3.0,0
64,65.0,0.0,3.0,160.0,360.0,0.0,2.0,151.0,0.0,0.8,1.0,0.0,3.0,0
65,52.0,1.0,4.0,108.0,233.0,1.0,0.0,147.0,0.0,0.1,1.0,3.0,7.0,0
66,51.0,1.0,1.0,125.0,213.0,0.0,2.0,125.0,1.0,1.4,1.0,1.0,3.0,0
67,44.0,0.0,3.0,108.0,141.0,0.0,0.0,175.0,0.0,0.6,2.0,0.0,3.0,0
68,62.0,0.0,4.0,140.0,268.0,0.0,2.0,160.0,0.0,3.6,3.0,2.0,3.0,3
69,56.0,1.0,4.0,132.0,184.0,0.0,2.0,105.0,1.0,2.1,2.0,1.0,6.0,1
70,69.0,0.0,1.0,140.0,239.0,0.0,0.0,151.0,0.0,1.8,1.0,2.0,3.0,0
71,58.0,1.0,2.0,120.0,284.0,0.0,2.0,160.0,0.0,1.8,2.0,0.0,3.0,1
72,70.0,1.0,2.0,156.0,245.0,0.0,2.0,143.0,0.0,0.0,1.0,0.0,3.0,0
73,50.0,1.0,3.0,140.0,233.0,0.0,0.0,163.0,0.0,0.6,2.0,1.0,7.0,1
74,49.0,0.0,4.0,130.0,269.0,0.0,0.0,163.0,0.0,0.0,1.0,0.0,3.0,0
75,62.0,0.0,3.0,130.0,263.0,0.0,0.0,97.0,0.0,1.2,2.0,1.0,7.0,2
76,58.0,1.0,2.0,125.0,220.0,0.0,0.0,144.0,0.0,0.4,2.0,,7.0,0
77,55.0,0.0,4.0,128.0,205.0,0.0,1.0,130.0,1.0,2.0,2.0,1.0,7.0,3
78,45.0,0.0,4.0,138.0,236.0,0.0,2.0,152.0,1.0,0.2,2.0,0.0,3.0,0
79,60.0,1.0,4.0,140.0,293.0,0.0,2.0,170.0,0.0,1.2,2.0,2.0,7.0,2
80,48.0,1.0,3.0,124.0,255.0,1.0,0.0,175.0,0.0,0.0,1.0,2.0,3.0,0
81,60.0,0.0,3.0,120.0,178.0,1.0,0.0,96.0,0.0,0.0,1.0,0.0,3.0,0
82,52.0,1.0,2.0,120.0,325.0,0.0,0.0,172.0,0.0,0.2,1.0,0.0,3.0,0
83,60.0,1.0,3.0,140.0,185.0,0.0,2.0,155.0,0.0,3.0,2.0,0.0,3.0,1
84,43.0,0.0,4.0,132.0,341.0,1.0,2.0,136.0,1.0,3.0,2.0,0.0,7.0,2
85,54.0,0.0,2.0,132.0,288.0,1.0,2.0,159.0,1.0,0.0,1.0,1.0,3.0,0
86,57.0,1.0,4.0,110.0,201.0,0.0,0.0,126.0,1.0,1.5,2.0,0.0,6.0,0
87,49.0,1.0,2.0,130.0,266.0,0.0,0.0,171.0,0.0,0.6,1.0,0.0,3.0,0
88,64.0,1.0,3.0,125.0,309.0,0.0,0.0,131.0,1.0,1.8,2.0,0.0,7.0,1
89,58.0,1.0,4.0,150.0,270.0,0.0,2.0,111.0,1.0,0.8,1.0,0.0,7.0,3
90,58.0,1.0,3.0,105.0,240.0,0.0,2.0,154.0,1.0,0.6,2.0,0.0,7.0,0
91,65.0,1.0,1.0,138.0,282.0,1.0,2.0,174.0,0.0,1.4,2.0,1.0,3.0,1
92,62.0,1.0,4.0,120.0,267.0,0.0,0.0,99.0,1.0,1.8,2.0,2.0,7.0,1
93,57.0,1.0,3.0,150.0,168.0,0.0,0.0,174.0,0.0,1.6,1.0,0.0,3.0,0
94,57.0,1.0,4.0,140.0,192.0,0.0,0.0,148.0,0.0,0.4,2.0,0.0,6.0,0
95,58.0,0.0,4.0,100.0,248.0,0.0,2.0,122.0,0.0,1.0,2.0,0.0,3.0,0
96,70.0,1.0,4.0,130.0,322.0,0.0,2.0,109.0,0.0,2.4,2.0,3.0,3.0,1
97,60.0,0.0,4.0,150.0,258.0,0.0,2.0,157.0,0.0,2.6,2.0,2.0,7.0,3
98,59.0,1.0,4.0,170.0,326.0,0.0,2.0,140.0,1.0,3.4,3.0,0.0,7.0,2
99,66.0,1.0,4.0,112.0,212.0,0.0,2.0,132.0,1.0,0.1,1.0,1.0,3.0,2
100,57.0,1.0,4.0,150.0,276.0,0.0,2.0,112.0,1.0,0.6,2.0,1.0,6.0,1
101,48.0,1.0,2.0,110.0,229.0,0.0,0.0,168.0,0.0,1.0,3.0,0.0,7.0,1
102,56.0,0.0,4.0,200.0,288.0,1.0,2.0,133.0,1.0,4.0,3.0,2.0,7.0,3
103,55.0,0.0,2.0,132.0,342.0,0.0,0.0,166.0,0.0,1.2,1.0,0.0,3.0,0
104,71.0,0.0,4.0,112.0,149.0,0.0,0.0,125.0,0.0,1.6,2.0,0.0,3.0,0
105,54.0,1.0,3.0,150.0,232.0,0.0,2.0,165.0,0.0,1.6,1.0,0.0,7.0,0
106,61.0,1.0,4.0,120.0,260.0,0.0,0.0,140.0,1.0,3.6,2.0,1.0,7.0,2
107,46.0,1.0,3.0,150.0,231.0,0.0,0.0,147.0,0.0,3.6,2.0,0.0,3.0,1
108,60.0,1.0,4.0,117.0,230.0,1.0,0.0,160.0,1.0,1.4,1.0,2.0,7.0,2
109,43.0,1.0,3.0,130.0,315.0,0.0,0.0,162.0,0.0,1.9,1.0,1.0,3.0,0
110,64.0,1.0,4.0,120.0,246.0,0.0,2.0,96.0,1.0,2.2,3.0,1.0,3.0,3
111,52.0,0.0,3.0,136.0,196.0,0.0,2.0,169.0,0.0,0.1,2.0,0.0,3.0,0
112,41.0,1.0,2.0,120.0,157.0,0.0,0.0,182.0,0.0,0.0,1.0,0.0,3.0,0
113,48.0,0.0,3.0,130.0,275.0,0.0,0.0,139.0,0.0,0.2,1.0,0.0,3.0,0
114,63.0,0.0,2.0,140.0,195.0,0.0,0.0,179.0,0.0,0.0,1.0,2.0,3.0,0
115,59.0,1.0,4.0,110.0,239.0,0.0,2.0,142.0,1.0,1.2,2.0,1.0,7.0,2
116,59.0,1.0,1.0,178.0,270.0,0.0,2.0,145.0,0.0,4.2,3.0,0.0,7.0,0
117,45.0,1.0,2.0,128.0,308.0,0.0,2.0,170.0,0.0,0.0,1.0,0.0,3.0,0
118,47.0,1.0,3.0,138.0,257.0,0.0,2.0,156.0,0.0,0.0,1.0,0.0,3.0,0
119,51.0,0.0,3.0,120.0,295.0,0.0,2.0,157.0,0.0,0.6,1.0,0.0,3.0,0
120,56.0,1.0,2.0,120.0,240.0,0.0,0.0,169.0,0.0,0.0,3.0,0.0,3.0,0
121,58.0,1.0,4.0,128.0,259.0,0.0,2.0,130.0,1.0,3.0,2.0,2.0,7.0,3
122,56.0,1.0,2.0,130.0,221.0,0.0,2.0,163.0,0.0,0.0,1.0,0.0,7.0,0
123,70.0,1.0,3.0,160.0,269.0,0.0,0.0,112.0,1.0,2.9,2.0,1.0,7.0,3
124,54.0,0.0,3.0,160.0,201.0,0.0,0.0,163.0,0.0,0.0,1.0,1.0,3.0,0
125,38.0,1.0,1.0,120.0,231.0,0.0,0.0,182.0,1.0,3.8,2.0,0.0,7.0,4
126,54.0,1.0,4.0,124.0,266.0,0.0,2.0,109.0,1.0,2.2,2.0,1.0,7.0,1
127,42.0,1.0,3.0,120.0,240.0,1.0,0.0,194.0,0.0,0.8,3.0,0.0,7.0,0
128,45.0,1.0,1.0,110.0,264.0,0.0,0.0,132.0,0.0,1.2,2.0,0.0,7.0,1
129,37.0,0.0,3.0,120.0,215.0,0.0,0.0,170.0,0.0,0.0,1.0,0.0,3.0,0
130,62.0,0.0,4.0,124.0,209.0,0.0,0.0,163.0,0.0,0.0,1.0,0.0,3.0,0
131,55.0,1.0,4.0,132.0,353.0,0.0,0.0,132.0,1.0,1.2,2.0,1.0,7.0,3
132,42.0,1.0,2.0,120.0,295.0,0.0,0.0,162.0,0.0,0.0,1.0,0.0,3.0,0
133,62.0,0.0,4.0,140.0,394.0,0.0,2.0,157.0,0.0,1.2,2.0,0.0,3.0,0
134,59.0,1.0,2.0,140.0,221.0,0.0,0.0,164.0,1.0,0.0,1.0,0.0,3.0,0
135,52.0,1.0,1.0,118.0,186.0,0.0,2.0,190.0,0.0,0.0,2.0,0.0,6.0,0
136,59.0,0.0,4.0,174.0,249.0,0.0,0.0,143.0,1.0,0.0,2.0,0.0,3.0,1
137,35.0,0.0,4.0,138.0,183.0,0.0,0.0,182.0,0.0,1.4,1.0,0.0,3.0,0
138,57.0,1.0,4.0,110.0,335.0,0.0,0.0,143.0,1.0,3.0,2.0,1.0,7.0,2
139,59.0,1.0,1.0,134.0,204.0,0.0,0.0,162.0,0.0,0.8,1.0,2.0,3.0,1
140,57.0,1.0,4.0,132.0,207.0,0.0,0.0,168.0,1.0,0.0,1.0,0.0,7.0,0
141,48.0,1.0,4.0,124.0,274.0,0.0,2.0,166.0,0.0,0.5,2.0,0.0,7.0,3
142,42.0,1.0,1.0,148.0,244.0,0.0,2.0,178.0,0.0,0.8,1.0,2.0,3.0,0
143,67.0,1.0,4.0,120.0,229.0,0.0,2.0,129.0,1.0,2.6,2.0,2.0,7.0,1
144,41.0,1.0,2.0,135.0,203.0,0.0,0.0,132.0,0.0,0.0,2.0,0.0,6.0,0
145,41.0,1.0,3.0,112.0,250.0,0.0,0.0,179.0,0.0,0.0,1.0,0.0,3.0,0
146,56.0,0.0,4.0,134.0,409.0,0.0,2.0,150.0,1.0,1.9,2.0,2.0,7.0,2
147,48.0,1.0,4.0,130.0,256.0,1.0,2.0,150.0,1.0,0.0,1.0,2.0,7.0,3
148,56.0,1.0,1.0,120.0,193.0,0.0,2.0,162.0,0.0,1.9,2.0,0.0,7.0,0
149,60.0,0.0,1.0,150.0,240.0,0.0,0.0,171.0,0.0,0.9,1.0,0.0,3.0,0
150,54.0,1.0,4.0,110.0,239.0,0.0,0.0,126.0,1.0,2.8,2.0,1.0,7.0,3
151,44.0,1.0,4.0,110.0,197.0,0.0,2.0,177.0,0.0,0.0,1.0,1.0,3.0,1
152,40.0,1.0,4.0,110.0,167.0,0.0,2.0,114.0,1.0,2.0,2.0,0.0,7.0,3
153,68.0,1.0,3.0,180.0,274.0,1.0,2.0,150.0,1.0,1.6,2.0,0.0,7.0,3
154,52.0,1.0,4.0,125.0,212.0,0.0,0.0,168.0,0.0,1.0,1.0,2.0,7.0,3
155,57.0,1.0,3.0,128.0,229.0,0.0,2.0,150.0,0.0,0.4,2.0,1.0,7.0,1
156,58.0,1.0,4.0,125.0,300.0,0.0,2.0,171.0,0.0,0.0,1.0,2.0,7.0,1
157,55.0,1.0,2.0,130.0,262.0,0.0,0.0,155.0,0.0,0.0,1.0,0.0,3.0,0
158,51.0,1.0,4.0,140.0,261.0,0.0,2.0,186.0,1.0,0.0,1.0,0.0,3.0,0
159,68.0,0.0,3.0,120.0,211.0,0.0,2.0,115.0,0.0,1.5,2.0,0.0,3.0,0
160,54.0,0.0,3.0,108.0,267.0,0.0,2.0,167.0,0.0,0.0,1.0,0.0,3.0,0
161,60.0,1.0,4.0,145.0,282.0,0.0,2.0,142.0,1.0,2.8,2.0,2.0,7.0,2
162,64.0,0.0,3.0,140.0,313.0,0.0,0.0,133.0,0.0,0.2,1.0,0.0,7.0,0
163,44.0,1.0,3.0,140.0,235.0,0.0,2.0,180.0,0.0,0.0,1.0,0.0,3.0,0
164,64.0,0.0,4.0,130.0,303.0,0.0,0.0,122.0,0.0,2.0,2.0,2.0,3.0,0
165,68.0,1.0,3.0,118.0,277.0,0.0,0.0,151.0,0.0,1.0,1.0,1.0,7.0,0
166,56.0,1.0,3.0,130.0,256.0,1.0,2.0,142.0,1.0,0.6,2.0,1.0,6.0,2
167,42.0,1.0,4.0,140.0,226.0,0.0,0.0,178.0,0.0,0.0,1.0,0.0,3.0,0
168,43.0,1.0,4.0,150.0,247.0,0.0,0.0,171.0,0.0,1.5,1.0,0.0,3.0,0
169,52.0,1.0,2.0,128.0,205.0,1.0,0.0,184.0,0.0,0.0,1.0,0.0,3.0,0
170,67.0,1.0,4.0,100.0,299.0,0.0,2.0,125.0,1.0,0.9,2.0,2.0,3.0,3
171,51.0,1.0,3.0,94.0,227.0,0.0,0.0,154.0,1.0,0.0,1.0,1.0,7.0,0
172,47.0,1.0,4.0,112.0,204.0,0.0,0.0,143.0,0.0,0.1,1.0,0.0,3.0,0
173,65.0,1.0,4.0,120.0,177.0,0.0,0.0,140.0,0.0,0.4,1.0,0.0,7.0,0
174,52.0,1.0,4.0,128.0,255.0,0.0,0.0,161.0,1.0,0.0,1.0,1.0,7.0,1
175,66.0,0.0,4.0,178.0,228.0,1.0,0.0,165.0,1.0,1.0,2.0,2.0,7.0,3
176,34.0,0.0,2.0,118.0,210.0,0.0,0.0,192.0,0.0,0.7,1.0,0.0,3.0,0
177,40.0,1.0,1.0,140.0,199.0,0.0,0.0,178.0,1.0,1.4,1.0,0.0,7.0,0
178,51.0,0.0,3.0,130.0,256.0,0.0,2.0,149.0,0.0,0.5,1.0,0.0,3.0,0
179,39.0,0.0,3.0,94.0,199.0,0.0,0.0,179.0,0.0,0.0,1.0,0.0,3.0,0
180,70.0,1.0,4.0,145.0,174.0,0.0,0.0,125.0,1.0,2.6,3.0,0.0,7.0,4
181,58.0,0.0,3.0,120.0,340.0,0.0,0.0,172.0,0.0,0.0,1.0,0.0,3.0,0
182,59.0,1.0,4.0,164.0,176.0,1.0,2.0,90.0,0.0,1.0,2.0,2.0,6.0,3
183,59.0,1.0,1.0,170.0,288.0,0.0,2.0,159.0,0.0,0.2,2.0,0.0,7.0,1
184,49.0,0.0,2.0,134.0,271.0,0.0,0.0,162.0,0.0,0.0,2.0,0.0,3.0,0
185,63.0,1.0,1.0,145.0,233.0,1.0,2.0,150.0,0.0,2.3,3.0,0.0,6.0,0
186,66.0,1.0,4.0,160.0,228.0,0.0,2.0,138.0,0.0,2.3,1.0,0.0,6.0,0
187,64.0,1.0,1.0,170.0,227.0,0.0,2.0,155.0,0.0,0.6,2.0,0.0,7.0,0
188,45.0,1.0,4.0,115.0,260.0,0.0,2.0,185.0,0.0,0.0,1.0,0.0,3.0,0
189,58.0,0.0,2.0,136.0,319.0,1.0,2.0,152.0,0.0,0.0,1.0,2.0,3.0,3
190,71.0,0.0,3.0,110.0,265.0,1.0,2.0,130.0,0.0,0.0,1.0,1.0,3.0,0
191,53.0,1.0,4.0,142.0,226.0,0.0,2.0,111.0,1.0,0.0,1.0,0.0,7.0,0
192,52.0,1.0,2.0,134.0,201.0,0.0,0.0,158.0,0.0,0.8,1.0,1.0,3.0,0
193,43.0,1.0,4.0,120.0,177.0,0.0,2.0,120.0,1.0,2.5,2.0,0.0,7.0,3
194,46.0,0.0,3.0,142.0,177.0,0.0,2.0,160.0,1.0,1.4,3.0,0.0,3.0,0
195,52.0,1.0,1.0,152.0,298.0,1.0,0.0,178.0,0.0,1.2,2.0,0.0,7.0,0
196,42.0,1.0,4.0,136.0,315.0,0.0,0.0,125.0,1.0,1.8,2.0,0.0,6.0,2
197,74.0,0.0,2.0,120.0,269.0,0.0,2.0,121.0,1.0,0.2,1.0,1.0,3.0,0
198,47.0,1.0,4.0,110.0,275.0,0.0,2.0,118.0,1.0,1.0,2.0,1.0,3.0,1
199,56.0,0.0,2.0,140.0,294.0,0.0,2.0,153.0,0.0,1.3,2.0,0.0,3.0,0
200,68.0,1.0,4.0,144.0,193.0,1.0,0.0,141.0,0.0,3.4,2.0,2.0,7.0,2
201,50.0,0.0,4.0,110.0,254.0,0.0,2.0,159.0,0.0,0.0,1.0,0.0,3.0,0
202,39.0,0.0,3.0,138.0,220.0,0.0,0.0,152.0,0.0,0.0,2.0,0.0,3.0,0
203,66.0,0.0,1.0,150.0,226.0,0.0,0.0,114.0,0.0,2.6,3.0,0.0,3.0,0
204,63.0,0.0,4.0,108.0,269.0,0.0,0.0,169.0,1.0,1.8,2.0,2.0,3.0,1
205,41.0,0.0,2.0,130.0,204.0,0.0,2.0,172.0,0.0,1.4,1.0,0.0,3.0,0
206,51.0,1.0,3.0,100.0,222.0,0.0,0.0,143.0,1.0,1.2,2.0,0.0,3.0,0
207,64.0,1.0,3.0,140.0,335.0,0.0,0.0,158.0,0.0,0.0,1.0,0.0,3.0,1
208,62.0,0.0,4.0,150.0,244.0,0.0,0.0,154.0,1.0,1.4,2.0,0.0,3.0,1
209,54.0,0.0,3.0,110.0,214.0,0.0,0.0,158.0,0.0,1.6,2.0,0.0,3.0,0
210,46.0,1.0,4.0,120.0,249.0,0.0,2.0,144.0,0.0,0.8,1.0,0.0,7.0,1
211,57.0,1.0,2.0,124.0,261.0,0.0,0.0,141.0,0.0,0.3,1.0,0.0,7.0,1
212,35.0,1.0,4.0,120.0,198.0,0.0,0.0,130.0,1.0,1.6,2.0,0.0,7.0,1
213,58.0,1.0,4.0,128.0,216.0,0.0,2.0,131.0,1.0,2.2,2.0,3.0,7.0,1
214,55.0,0.0,2.0,135.0,250.0,0.0,2.0,161.0,0.0,1.4,2.0,0.0,3.0,0
215,44.0,1.0,2.0,120.0,220.0,0.0,0.0,170.0,0.0,0.0,1.0,0.0,3.0,0
216,63.0,1.0,4.0,140.0,187.0,0.0,2.0,144.0,1.0,4.0,1.0,2.0,7.0,2
217,63.0,1.0,4.0,130.0,254.0,0.0,2.0,147.0,0.0,1.4,2.0,1.0,7.0,2
218,65.0,0.0,3.0,155.0,269.0,0.0,0.0,148.0,0.0,0.8,1.0,0.0,3.0,0
219,59.0,1.0,3.0,126.0,218.0,1.0,0.0,134.0,0.0,2.2,2.0,1.0,6.0,2
220,54.0,1.0,4.0,120.0,188.0,0.0,0.0,113.0,0.0,1.4,2.0,1.0,7.0,2
221,61.0,0.0,4.0,130.0,330.0,0.0,2.0,169.0,0.0,0.0,1.0,0.0,3.0,1
222,41.0,1.0,2.0,110.0,235.0,0.0,0.0,153.0,0.0,0.0,1.0,0.0,3.0,0
223,51.0,1.0,4.0,140.0,299.0,0.0,0.0,173.0,1.0,1.6,1.0,0.0,7.0,1
224,65.0,0.0,4.0,150.0,225.0,0.0,2.0,114.0,0.0,1.0,2.0,3.0,7.0,4
225,55.0,1.0,4.0,140.0,217.0,0.0,0.0,111.0,1.0,5.6,3.0,0.0,7.0,3
226,57.0,1.0,2.0,154.0,232.0,0.0,2.0,164.0,0.0,0.0,1.0,1.0,3.0,1
227,46.0,0.0,2.0,105.0,204.0,0.0,0.0,172.0,0.0,0.0,1.0,0.0,3.0,0
228,55.0,1.0,4.0,160.0,289.0,0.0,2.0,145.0,1.0,0.8,2.0,1.0,7.0,4
229,58.0,1.0,3.0,132.0,224.0,0.0,2.0,173.0,0.0,3.2,1.0,2.0,7.0,3
230,44.0,1.0,3.0,120.0,226.0,0.0,0.0,169.0,0.0,0.0,1.0,0.0,3.0,0
231,61.0,0.0,4.0,145.0,307.0,0.0,2.0,146.0,1.0,1.0,2.0,0.0,7.0,1
232,53.0,0.0,4.0,130.0,264.0,0.0,2.0,143.0,0.0,0.4,2.0,0.0,3.0,0
233,50.0,1.0,4.0,144.0,200.0,0.0,2.0,126.0,1.0,0.9,2.0,0.0,7.0,3
234,41.0,1.0,3.0,130.0,214.0,0.0,2.0,168.0,0.0,2.0,2.0,0.0,3.0,0
235,61.0,1.0,3.0,150.0,243.0,1.0,0.0,137.0,1.0,1.0,2.0,0.0,3.0,0
236,67.0,1.0,4.0,120.0,237.0,0.0,0.0,71.0,0.0,1.0,2.0,0.0,3.0,2
237,63.0,0.0,4.0,124.0,197.0,0.0,0.0,136.0,1.0,0.0,2.0,0.0,3.0,1
238,44.0,0.0,3.0,118.0,242.0,0.0,0.0,149.0,0.0,0.3,2.0,1.0,3.0,0
239,59.0,1.0,1.0,160.0,273.0,0.0,2.0,125.0,0.0,0.0,1.0,0.0,3.0,1
240,52.0,1.0,3.0,172.0,199.0,1.0,0.0,162.0,0.0,0.5,1.0,0.0,7.0,0
241,50.0,1.0,4.0,150.0,243.0,0.0,2.0,128.0,0.0,2.6,2.0,0.0,7.0,4
242,63.0,0.0,3.0,135.0,252.0,0.0,2.0,172.0,0.0,0.0,1.0,0.0,3.0,0
243,52.0,1.0,4.0,128.0,204.0,1.0,0.0,156.0,1.0,1.0,2.0,0.0,,2
244,67.0,0.0,3.0,152.0,277.0,0.0,0.0,172.0,0.0,0.0,1.0,1.0,3.0,0
245,58.0,0.0,4.0,170.0,225.0,1.0,2.0,146.0,1.0,2.8,2.0,2.0,6.0,2
246,64.0,0.0,4.0,180.0,325.0,0.0,0.0,154.0,1.0,0.0,1.0,0.0,3.0,0
247,77.0,1.0,4.0,125.0,304.0,0.0,2.0,162.0,1.0,0.0,1.0,3.0,3.0,4
248,59.0,1.0,3.0,150.0,212.0,1.0,0.0,157.0,0.0,1.6,1.0,0.0,3.0,0
249,46.0,0.0,4.0,138.0,243.0,0.0,2.0,152.0,1.0,0.0,2.0,0.0,3.0,0
250,47.0,1.0,3.0,108.0,243.0,0.0,0.0,152.0,0.0,0.0,1.0,0.0,3.0,1
251,50.0,1.0,3.0,129.0,196.0,0.0,0.0,163.0,0.0,0.0,1.0,0.0,3.0,0
252,41.0,0.0,3.0,112.0,268.0,0.0,2.0,172.0,1.0,0.0,1.0,0.0,3.0,0
253,67.0,0.0,4.0,106.0,223.0,0.0,0.0,142.0,0.0,0.3,1.0,2.0,3.0,0
254,37.0,1.0,3.0,130.0,250.0,0.0,0.0,187.0,0.0,3.5,3.0,0.0,3.0,0
255,54.0,1.0,2.0,108.0,309.0,0.0,0.0,156.0,0.0,0.0,1.0,0.0,7.0,0
256,44.0,1.0,2.0,130.0,219.0,0.0,2.0,188.0,0.0,0.0,1.0,0.0,3.0,0
257,67.0,1.0,4.0,160.0,286.0,0.0,2.0,108.0,1.0,1.5,2.0,3.0,3.0,2
258,53.0,1.0,3.0,130.0,197.0,1.0,2.0,152.0,0.0,1.2,3.0,0.0,3.0,0
259,45.0,1.0,4.0,104.0,208.0,0.0,2.0,148.0,1.0,3.0,2.0,0.0,3.0,0
260,45.0,1.0,4.0,142.0,309.0,0.0,2.0,147.0,1.0,0.0,2.0,3.0,7.0,3
261,44.0,1.0,3.0,130.0,233.0,0.0,0.0,179.0,1.0,0.4,1.0,0.0,3.0,0
262,62.0,0.0,4.0,160.0,164.0,0.0,2.0,145.0,0.0,6.2,3.0,3.0,7.0,3
263,44.0,1.0,4.0,112.0,290.0,0.0,2.0,153.0,0.0,0.0,1.0,1.0,3.0,2
264,61.0,1.0,4.0,138.0,166.0,0.0,2.0,125.0,1.0,3.6,2.0,1.0,3.0,4
265,41.0,0.0,2.0,126.0,306.0,0.0,0.0,163.0,0.0,0.0,1.0,0.0,3.0,0
266,44.0,1.0,2.0,120.0,263.0,0.0,0.0,173.0,0.0,0.0,1.0,0.0,7.0,0
267,53.0,0.0,4.0,138.0,234.0,0.0,2.0,160.0,0.0,0.0,1.0,0.0,3.0,0
268,52.0,1.0,3.0,138.0,223.0,0.0,0.0,169.0,0.0,0.0,1.0,,3.0,0
269,57.0,0.0,4.0,140.0,241.0,0.0,0.0,123.0,1.0,0.2,2.0,0.0,7.0,1
270,43.0,0.0,3.0,122.0,213.0,0.0,0.0,165.0,0.0,0.2,2.0,0.0,3.0,0
271,67.0,1.0,3.0,152.0,212.0,0.0,2.0,150.0,0.0,0.8,2.0,0.0,7.0,1
272,61.0,1.0,1.0,134.0,234.0,0.0,0.0,145.0,0.0,2.6,2.0,2.0,3.0,2
273,60.0,1.0,4.0,130.0,253.0,0.0,0.0,144.0,1.0,1.4,1.0,1.0,7.0,1
274,41.0,0.0,2.0,105.0,198.0,0.0,0.0,168.0,0.0,0.0,1.0,1.0,3.0,0
275,64.0,1.0,4.0,145.0,212.0,0.0,2.0,132.0,0.0,2.0,2.0,2.0,6.0,4
276,69.0,1.0,3.0,140.0,254.0,0.0,2.0,146.0,0.0,2.0,2.0,3.0,7.0,2
277,57.0,0.0,2.0,130.0,236.0,0.0,2.0,174.0,0.0,0.0,2.0,1.0,3.0,1
278,66.0,1.0,2.0,160.0,246.0,0.0,0.0,120.0,1.0,0.0,2.0,3.0,6.0,2
279,45.0,0.0,2.0,112.0,160.0,0.0,0.0,138.0,0.0,0.0,2.0,0.0,3.0,0
280,54.0,1.0,3.0,125.0,273.0,0.0,2.0,152.0,0.0,0.5,3.0,1.0,3.0,0
281,65.0,0.0,3.0,140.0,417.0,1.0,2.0,157.0,0.0,0.8,1.0,1.0,3.0,0
282,54.0,1.0,4.0,122.0,286.0,0.0,2.0,116.0,1.0,3.2,2.0,2.0,3.0,3
283,64.0,1.0,4.0,128.0,263.0,0.0,0.0,105.0,1.0,0.2,2.0,1.0,7.0,0
284,58.0,0.0,1.0,150.0,283.0,1.0,2.0,162.0,0.0,1.0,1.0,0.0,3.0,0
285,46.0,1.0,2.0,101.0,197.0,1.0,0.0,156.0,0.0,0.0,1.0,0.0,7.0,0
286,66.0,0.0,3.0,146.0,278.0,0.0,2.0,152.0,0.0,0.0,2.0,1.0,3.0,0
287,51.0,1.0,4.0,140.0,298.0,0.0,0.0,122.0,1.0,4.2,2.0,3.0,7.0,3
288,76.0,0.0,3.0,140.0,197.0,0.0,1.0,116.0,0.0,1.1,2.0,0.0,3.0,0
289,60.0,0.0,3.0,102.0,318.0,0.0,0.0,160.0,0.0,0.0,1.0,1.0,3.0,0
290,54.0,1.0,3.0,120.0,258.0,0.0,2.0,147.0,0.0,0.4,2.0,0.0,7.0,0
291,42.0,0.0,4.0,102.0,265.0,0.0,2.0,122.0,0.0,0.6,2.0,0.0,3.0,0
292,48.0,1.0,4.0,122.0,222.0,0.0,2.0,186.0,0.0,0.0,1.0,0.0,3.0,0
293,53.0,0.0,3.0,128.0,216.0,0.0,2.0,115.0,0.0,0.0,1.0,0.0,,0
294,52.0,1.0,4.0,112.0,230.0,0.0,0.0,160.0,0.0,0.0,1.0,1.0,3.0,1
295,63.0,0.0,4.0,150.0,407.0,0.0,2.0,154.0,0.0,4.0,2.0,3.0,7.0,4
296,38.0,1.0,3.0,138.0,175.0,0.0,0.0,173.0,0.0,0.0,1.0,,3.0,0
297,64.0,1.0,1.0,110.0,211.0,0.0,2.0,144.0,1.0,1.8,2.0,0.0,3.0,0
298,54.0,1.0,2.0,192.0,283.0,0.0,2.0,195.0,0.0,0.0,1.0,1.0,7.0,1
299,67.0,1.0,4.0,125.0,254.0,1.0,0.0,163.0,0.0,0.2,2.0,2.0,7.0,3
300,59.0,1.0,4.0,140.0,177.0,0.0,0.0,162.0,1.0,0.0,1.0,1.0,7.0,2
301,61.0,1.0,4.0,140.0,207.0,0.0,2.0,138.0,1.0,1.9,1.0,1.0,7.0,1
302,57.0,0.0,4.0,128.0,303.0,0.0,2.0,159.0,0.0,0.0,1.0,1.0,3.0,0
